Date,AAPL,AMGN,AXP,BA,CAT,CRM,CSCO,CVX,DIS,GS,HD,HON,IBM,INTC,JNJ,JPM,KO,MCD,MMM,MRK,MSFT,NKE,PG,TRV,UNH,V,VZ,WBA,WMT,XOM,^DJI
2010-01-01,5.873429298400879,44.83705520629883,31.336055755615234,47.22177505493164,37.40209197998047,15.887499809265137,16.249786376953125,44.20600891113281,25.738922119140625,123.5038833618164,21.028976440429688,28.13974380493164,77.92643737792969,13.441119194030762,43.88153076171875,28.402616500854492,18.54326057434082,43.95321273803711,57.511173248291016,23.836685180664062,21.720592498779297,13.762149810791016,42.3001823425293,37.531558990478516,27.461578369140625,18.812604904174805,15.317957878112793,26.3553466796875,40.203853607177734,40.23788070678711,10067.330078125
2010-02-01,6.2575297355651855,43.403316497802734,31.91552734375,49.21662902832031,41.12458419799805,16.987499237060547,17.59489631652832,44.316341400146484,27.210968017578125,129.84011840820312,23.42392349243164,29.246665954589844,80.9635009765625,14.22403335571289,43.97926330566406,30.64945411682129,18.020286560058594,44.95294952392578,57.26824951171875,23.02507209777832,22.098281860351562,14.59327507019043,43.80139923095703,38.95370864868164,28.177249908447266,19.557952880859375,15.280540466308594,25.7631778717041,40.685420989990234,40.5938720703125,10325.259765625
2010-03-01,7.186586380004883,45.8797721862793,34.481143951416016,56.9666862487793,45.305503845214844,18.612499237060547,18.82430076599121,46.924903869628906,30.407642364501953,142.0166015625,24.28729820251465,33.22673034667969,82.02274322509766,15.56696891784668,45.863304138183594,32.67960739135742,18.799610137939453,47.37278747558594,60.10401153564453,23.31850242614746,22.681737899780273,15.866951942443848,43.79447555541992,39.95365524291992,27.186962127685547,20.908035278320312,16.384449005126953,27.227855682373047,41.83668518066406,42.10330581665039,10856.6298828125
2010-04-01,7.9844489097595215,43.939998626708984,38.71063995361328,56.82548522949219,49.0827751159668,21.399999618530273,19.475154876708984,50.39645767211914,32.0887336730957,120.85102844238281,26.646272659301758,34.841468811035156,82.50241088867188,15.951075553894043,45.230220794677734,31.09491539001465,18.419334411621094,50.12057876586914,63.77196502685547,22.105384826660156,23.649707794189453,16.4528865814209,43.02614212036133,37.81476593017578,25.223047256469727,20.724288940429688,15.264683723449707,25.803695678710938,40.589359283447266,42.59989929199219,11008.6103515625
2010-05-01,7.855703353881836,39.70011520385742,33.464725494384766,50.35287857055664,44.07213592529297,21.63249969482422,16.748777389526367,45.71201705932617,29.10980796813965,120.06866455078125,25.61007308959961,31.391820907592773,80.11048889160156,14.959376335144043,41.00968551635742,28.936445236206055,17.71287727355957,47.47929382324219,57.04018783569336,21.25371742248535,19.9791259765625,15.687787055969238,42.61093521118164,36.86827087402344,24.213397979736328,16.642826080322266,14.760504722595215,23.52063751220703,38.25873947143555,38.0048713684082,10136.6298828125
2010-06-01,7.692094802856445,40.32880783081055,33.32204818725586,49.51667022705078,43.5716552734375,21.454999923706055,15.410901069641113,42.38502883911133,27.43743324279785,109.53022766113281,21.230792999267578,28.839067459106445,79.37686920166016,13.679365158081055,41.92375183105469,26.76511001586914,17.271785736083984,47.162227630615234,57.16725158691406,22.061229705810547,17.899003982543945,14.640924453735352,41.836700439453125,36.70431137084961,23.655324935913086,16.274234771728516,15.028685569763184,19.676572799682617,36.585853576660156,36.1175651550293,9774.01953125
2010-07-01,7.867018699645996,41.808570861816406,37.63740921020508,53.76998519897461,50.59303665161133,24.737499237060547,16.683687210083008,47.60039138793945,29.34498405456543,125.84257507324219,21.714935302734375,31.669048309326172,82.53959655761719,14.488166809082031,41.23518371582031,29.44820213317871,19.152050018310547,49.92594909667969,61.907657623291016,21.980541229248047,20.077058792114258,16.0201358795166,42.6597785949707,37.88114929199219,25.469280242919922,16.872299194335938,16.61870002746582,21.03993034362793,38.960479736328125,37.769344329833984,10465.9404296875
2010-08-01,7.434293270111084,39.13275909423828,33.61566162109375,48.23831558227539,47.57843780517578,27.469999313354492,14.456304550170898,46.2700080871582,28.343303680419922,114.25289154052734,21.189395904541016,28.86124610900879,79.15188598632812,12.42747688293457,40.475650787353516,26.618688583374023,19.41964340209961,52.310184478759766,56.84880447387695,22.427038192749023,18.25682258605957,15.228272438049316,41.94621276855469,36.78489685058594,26.531551361083984,15.86709213256836,17.194414138793945,19.809223175048828,38.16132736206055,37.40860366821289,10014.7197265625
2010-09-01,8.677421569824219,42.25324249267578,35.43681716918945,52.826454162597656,57.450462341308594,27.950000762939453,15.837569236755371,51.09687805175781,28.831077575683594,120.93880462646484,24.334575653076172,32.7007942199707,86.65670776367188,13.606553077697754,44.39708709716797,27.86324691772461,20.33710289001465,53.74789810180664,63.14870834350586,23.479507446289062,19.151885986328125,17.434192657470703,42.157081604003906,39.12007522583008,29.367046356201172,17.11003875732422,18.976146697998047,24.842052459716797,40.9715461730957,39.38450241088867,10788.0498046875
2010-10-01,9.204336166381836,43.84798812866211,34.95623779296875,56.08147430419922,57.39203643798828,29.017499923706055,16.531827926635742,52.07404327392578,31.47030258178711,134.78262329101562,23.735435485839844,35.059959411621094,92.76805877685547,14.2089204788208,45.67253112792969,27.548439025878906,21.47161102294922,56.0994873046875,61.33528518676758,23.40322494506836,20.85670280456543,17.783573150634766,44.68778991699219,41.74756622314453,30.264488220214844,18.00862693786621,18.912097930908203,25.123849868774414,41.46916198730469,42.3802375793457,11118.490234375
2010-11-01,9.515350341796875,40.39780807495117,36.6123046875,50.62733840942383,62.113346099853516,34.80500030517578,13.856067657470703,51.04643630981445,31.80129623413086,130.6085968017578,23.205419540405273,36.99491500854492,91.38557434082031,14.995550155639648,44.10329055786133,27.415374755859375,22.119407653808594,56.48184585571289,61.16050720214844,22.21727180480957,19.754043579101562,18.807687759399414,43.260398864746094,40.83244705200195,30.659055709838867,17.015562057495117,18.913373947143555,25.84315299987793,41.40792465209961,44.33702850341797,11006.01953125
2010-12-01,9.864276885986328,42.09225082397461,36.35816192626953,52.12398910522461,68.76525115966797,33.0,14.629868507385254,58.01958084106445,32.67231750488281,140.97288513183594,27.13957977294922,39.81147766113281,95.23078155517578,15.02009391784668,44.69964599609375,31.09520721435547,23.188961029052734,55.804359436035156,63.24424743652344,23.22920799255371,21.96053123474121,18.65265655517578,45.56968688964844,42.133277893066406,30.31485366821289,16.24856185913086,21.140911102294922,29.03512191772461,41.285430908203125,46.89960861206055,11577.509765625
2011-01-01,10.37681770324707,42.23025131225586,36.74784851074219,55.49455642700195,71.22476959228516,32.28499984741211,15.295186996459961,60.35944747924805,34.227237701416016,137.1669158935547,28.463274002075195,41.94585037231445,105.11981964111328,15.3272123336792,43.196407318115234,32.94243621826172,22.15943717956543,53.55793762207031,64.43145751953125,21.60751724243164,21.81890106201172,18.074604034423828,44.71963882446289,42.83041000366211,34.575645446777344,16.126195907592773,21.046369552612305,30.13810157775879,43.16107177734375,51.7486572265625,11891.9296875
2011-02-01,10.801594734191895,39.3551025390625,37.060585021972656,57.51530075073242,75.92662811279297,33.067501068115234,13.422165870666504,65.96748352050781,38.515560150146484,137.301025390625,29.0051326751709,43.368751525878906,105.04194641113281,15.33435344696045,44.40333938598633,34.264556884765625,22.536691665649414,55.01921081542969,67.59000396728516,21.21666717529297,20.914037704467773,19.50996971130371,44.99408721923828,45.62434005737305,35.86433792114258,16.864974975585938,22.10079574584961,32.29933547973633,40.012699127197266,54.859458923339844,12226.33984375
2011-03-01,10.657862663269043,40.98051834106445,38.44705581665039,59.391902923583984,82.13764953613281,33.39500045776367,12.402482032775879,68.8595199584961,37.94319534301758,133.2409210205078,28.687767028808594,44.97782897949219,106.23307800292969,14.535032272338867,43.20785903930664,33.83156967163086,23.38993263244629,55.76960754394531,68.93282318115234,21.503284454345703,20.095792770385742,16.58883285522461,43.95932388305664,45.281761169433594,38.071109771728516,17.030832290649414,23.0705509185791,30.038684844970703,40.06658935546875,54.24588394165039,12319.73046875
2011-04-01,10.707403182983398,43.58732986450195,41.74738311767578,64.09150695800781,85.13253021240234,34.650001525878906,12.714438438415527,70.10871887207031,37.952003479003906,126.86450958251953,28.953750610351562,46.1228141784668,111.12553405761719,16.674232482910156,47.92608642578125,33.48664855957031,23.95728302001953,57.3967399597168,71.66799926757812,23.692108154296875,20.515275955200195,18.103073120117188,46.31428909301758,48.470638275146484,41.58484649658203,18.07183265686035,22.6156063079834,31.96941375732422,42.618656158447266,56.728302001953125,12810.5400390625
2011-05-01,10.637066841125488,46.41646957397461,44.065521240234375,62.68563461303711,78.36868286132812,38.064998626708984,12.191929817199707,67.20671081542969,36.6575813293457,118.22818756103516,28.275693893432617,44.85732650756836,110.05062866210938,16.213260650634766,49.071006774902344,31.9047794342041,23.726442337036133,59.7641716003418,69.58157348632812,24.21932601928711,19.795026779174805,18.571481704711914,48.20942306518555,47.551475524902344,41.348323822021484,18.751955032348633,22.391489028930664,32.65041732788086,42.80470275878906,53.8203239440918,12569.7900390625
2011-06-01,10.265199661254883,44.73738479614258,44.15092468261719,59.70555114746094,78.8575439453125,37.244998931884766,11.328330993652344,66.39009857177734,34.37694549560547,112.09770965576172,28.228940963745117,45.14231872558594,112.25723266601562,16.08650779724121,48.93021011352539,30.207712173461914,23.896902084350586,62.26247787475586,70.34027862548828,23.257137298583984,20.713481903076172,19.787586212158203,45.741397857666016,44.71738052368164,43.56989669799805,19.528573989868164,22.573383331298828,31.900856018066406,41.464900970458984,52.770320892333984,12414.33984375
2011-07-01,11.941354751586914,41.938899993896484,42.888267517089844,56.9112663269043,73.17621612548828,36.1775016784668,11.589587211608887,67.15188598632812,34.007110595703125,113.68121337890625,27.428159713745117,40.225826263427734,118.9972152709961,16.20991325378418,47.657676696777344,29.84617042541504,24.32745933532715,63.857425689697266,64.62257385253906,22.736385345458984,21.828826904296875,19.900074005126953,44.24473190307617,42.51264572143555,42.06153869628906,19.825227737426758,21.397117614746094,29.331357955932617,41.1293830871582,51.73929977416992,12143.240234375
2011-08-01,11.768570899963379,42.4755973815918,42.60543441772461,53.995826721191406,67.69068908691406,32.1875,11.415057182312012,63.807823181152344,29.99176597595215,97.8886489868164,26.211061477661133,36.2183952331543,112.4927978515625,14.612876892089844,48.400596618652344,27.884035110473633,25.20025634765625,66.75935363769531,61.537540435791016,22.050233840942383,21.19148826599121,19.12746238708496,46.1959114074707,38.91143798828125,40.273311614990234,20.36756706237793,22.21735382080078,26.45383071899414,41.50391387939453,47.99776840209961,11613.5302734375
2011-09-01,11.661230087280273,42.3681526184082,38.482872009277344,49.19908142089844,54.92615509033203,28.56999969482422,11.29122257232666,60.251914978027344,26.557592391967773,79.87749481201172,26.001842498779297,33.5063591003418,114.92804718017578,15.642487525939941,47.26591110229492,22.360689163208008,24.166488647460938,65.2855453491211,53.59803009033203,21.78376579284668,19.954330444335938,18.875818252563477,45.83319091796875,37.577388763427734,39.086795806884766,19.901735305786133,22.60433578491211,24.860898971557617,40.790306091308594,47.40745162963867,10913.3798828125
2011-10-01,12.378665924072266,44.14890670776367,43.385372161865234,53.49210739135742,70.26441192626953,33.29249954223633,13.4984712600708,68.36014556884766,30.713825225830078,92.54975891113281,28.319604873657227,39.984806060791016,121.34247589111328,17.988130569458008,47.78540802001953,25.805362701416016,24.605031967163086,69.02484893798828,58.99589157104492,23.259071350097656,21.349288940429688,21.345050811767578,46.420799255371094,45.37907409667969,40.81263732910156,21.65230369567871,22.71490478515625,25.095224380493164,44.57854080200195,50.97134780883789,11955.009765625
2011-11-01,11.688142776489258,44.64227294921875,41.3454704284668,55.850013732910156,73.21143341064453,29.604999542236328,13.63244342803955,66.90900421142578,31.567956924438477,80.9842300415039,31.02500343322754,41.3201904296875,123.55735778808594,18.259340286254883,48.030311584472656,23.19410514831543,24.212474822998047,71.0097427368164,60.50400161743164,24.101791381835938,20.507505416870117,21.30738639831543,47.22343063354492,43.74590301513672,41.475975036621094,22.513656616210938,23.49836540222168,25.488283157348633,46.29188537597656,52.5052490234375,12045.6796875
2011-12-01,12.385395050048828,49.74182891845703,40.59669494628906,60.01919174194336,67.76619720458984,25.364999771118164,13.22288990020752,69.78600311279297,33.020877838134766,76.69254302978516,33.516357421875,41.757110595703125,121.33544921875,17.933460235595703,49.12019348144531,24.901643753051758,25.3823184967041,75.14655303955078,61.45033264160156,25.41643524169922,20.9688663482666,21.349475860595703,48.78852844238281,46.016788482666016,43.10032653808594,23.626707077026367,24.986867904663086,25.15995979309082,46.96780014038086,55.65465545654297,12217.5595703125
2012-01-01,13.95971393585205,52.62361526489258,43.1528205871582,60.6983642578125,81.61863708496094,29.200000762939453,14.371115684509277,67.6346664428711,34.82887649536133,94.53630065917969,35.3898811340332,44.5921516418457,127.08941650390625,19.538225173950195,49.36737060546875,27.934783935546875,24.497190475463867,74.18782806396484,65.19462585449219,26.11041259765625,23.852493286132812,23.124134063720703,46.10447311401367,45.67854690551758,44.193668365478516,23.419605255126953,23.454776763916016,25.388273239135742,48.52662658691406,54.98491287231445,12632.91015625
2012-02-01,16.588472366333008,52.68559646606445,45.689552307128906,61.32843780517578,85.8076400756836,35.790000915527344,14.587742805480957,71.56999969482422,37.595481872558594,97.6488037109375,37.92513656616211,45.767662048339844,129.81459045410156,19.878406524658203,48.74569320678711,29.59923553466797,25.342422485351562,74.36006927490234,65.8637924194336,26.04218864440918,25.637590408325195,23.998044967651367,49.84902572631836,45.41999816894531,47.57283401489258,27.080087661743164,24.04375648498535,25.23607063293457,46.723480224609375,56.797176361083984,12952.0703125
2012-03-01,18.334970474243164,52.937530517578125,49.98295211791992,61.21199417114258,80.03002166748047,38.627498626708984,15.519652366638184,70.85621643066406,39.19814682006836,105.79519653320312,40.1096076965332,47.200584411621094,138.21632385253906,20.961599349975586,49.841224670410156,34.683311462402344,26.847875595092773,73.99235534667969,67.52711486816406,26.1991024017334,26.229154586791992,24.11368751525879,49.546783447265625,46.38370895385742,50.2949333190918,27.511917114257812,24.119470596313477,25.65389060974121,48.40010070800781,57.259910583496094,13212.0400390625
2012-04-01,17.858821868896484,55.3830680847168,52.01301574707031,63.212059020996094,77.21259307861328,38.932498931884766,14.793201446533203,70.42662811279297,38.59827423095703,97.95221710205078,41.54375076293945,46.89905548095703,137.17630004882812,21.170310974121094,49.191368103027344,32.42036437988281,27.888607025146484,73.50212860107422,67.640625,27.07062530517578,26.034025192260742,24.959665298461914,46.91501235961914,50.76044845581055,48.05466842651367,28.673015594482422,25.47591209411621,26.85653305053711,46.900875091552734,57.00241470336914,13213.6298828125
2012-05-01,17.667692184448242,54.14471435546875,48.39617156982422,57.29414749145508,66.10865020751953,34.654998779296875,12.0281982421875,64.97410583496094,40.92616271972656,81.40708923339844,39.578468322753906,43.03333282470703,127.78299713134766,19.261999130249023,47.173851013183594,25.169151306152344,27.307584762573242,67.38508605957031,63.89374923706055,25.925439834594727,23.73307991027832,24.136381149291992,46.3082160949707,49.316246032714844,47.72945022583008,26.859088897705078,26.617525100708008,23.378822326660156,52.402244567871094,51.912193298339844,12393.4501953125
2012-06-01,17.85943603515625,57.075260162353516,50.45924758911133,61.51334762573242,64.06400299072266,34.564998626708984,12.646917343139648,70.35359191894531,43.42417526245117,81.93297576904297,42.75714111328125,43.4544792175293,130.10108947753906,20.009803771972656,51.54719543457031,27.128026962280273,28.57192039489746,67.29693603515625,68.29202270507812,28.80220603942871,25.034549713134766,19.650005340576172,45.535057067871094,50.381649017333984,50.065860748291016,28.879053115844727,28.407379150390625,22.81536865234375,55.88387680053711,56.88325119018555,12880.08984375
2012-07-01,18.67778968811035,64.6607666015625,50.02583694458008,61.190452575683594,63.535823822021484,31.09000015258789,11.748300552368164,73.07437896728516,43.9971923828125,86.24070739746094,42.10356521606445,45.174285888671875,130.3671417236328,19.2965145111084,52.813758850097656,27.33302116394043,29.727272033691406,67.9278793334961,69.53439331054688,30.80472755432129,24.117956161499023,20.896873474121094,47.98095703125,49.8194465637207,43.88579177856445,30.149791717529297,28.854829788208008,28.044858932495117,59.6591682434082,57.73414611816406,13008.6796875
2012-08-01,20.343843460083008,65.69410705566406,50.70901870727539,59.1124153137207,64.79216766357422,36.29499816894531,14.119555473327637,74.79486083984375,44.29265594482422,90.36045837402344,45.79104995727539,45.485565185546875,129.61544799804688,18.64327621459961,51.44800567626953,28.433679580688477,27.519807815551758,68.02668762207031,70.57857513427734,30.023622512817383,25.2227783203125,21.794536590576172,50.38432312011719,51.48141098022461,46.64314651489258,29.958240509033203,27.757694244384766,27.582067489624023,58.192317962646484,58.033267974853516,13090.83984375
2012-09-01,20.488327026367188,66.27388000488281,49.45651626586914,57.967750549316406,65.33130645751953,38.17250061035156,14.134356498718262,78.35130310058594,46.808570861816406,97.59100341796875,48.962554931640625,46.79574966430664,138.58627319335938,17.163009643554688,53.054996490478516,30.990726470947266,27.909793853759766,70.29349517822266,70.89009857177734,31.453323364257812,24.51663589477539,21.323875427246094,52.01156234741211,54.280540466308594,47.596622467041016,31.420015335083008,29.457805633544922,28.324678421020508,59.4741096496582,61.18706512451172,13437.1298828125
2012-10-01,18.283777236938477,68.00364685058594,48.682403564453125,58.66736602783203,64.39734649658203,36.494998931884766,12.691317558288574,74.10304260253906,43.979286193847656,105.06828308105469,49.78171157836914,47.96271514892578,129.9551239013672,16.382871627807617,54.52552032470703,31.909414291381836,27.543874740600586,66.5010986328125,67.19296264648438,32.125953674316406,23.511585235595703,20.53077507019043,51.92158126831055,56.816688537597656,48.298274993896484,32.468292236328125,28.856618881225586,27.3841495513916,60.457279205322266,60.9997673034668,13096.4599609375
2012-11-01,17.97542381286621,69.81990051269531,48.79218292236328,61.86558151245117,65.11470794677734,39.41749954223633,14.097410202026367,71.0445556640625,44.46277618408203,101.11933898925781,52.77445983886719,48.03319549560547,126.97560119628906,14.822596549987793,53.68632888793945,31.682353973388672,28.09209442138672,66.68500518798828,69.76255798339844,31.18956184387207,21.92987632751465,21.90127944946289,52.79399871826172,56.7205810546875,46.909698486328125,35.03047561645508,28.83469581604004,26.35812759399414,58.03961944580078,58.972434997558594,13025.580078125
2012-12-01,16.418933868408203,68.06214904785156,50.1712760925293,63.15089797973633,68.45294189453125,42.025001525878906,14.757474899291992,73.31817626953125,44.579166412353516,109.97098541259766,50.38885498046875,50.05513381958008,128.52435302734375,15.778818130493164,54.448463439941406,33.91121292114258,27.03917694091797,68.18821716308594,71.69216918945312,28.823942184448242,22.18482208251953,23.186424255371094,51.32731246948242,57.521480560302734,46.78032302856445,35.55038070678711,28.2791805267334,29.002748489379883,54.98533630371094,58.27117156982422,13104.1396484375
2013-01-01,14.053139686584473,67.47784423828125,51.3321647644043,61.90229415893555,75.59291076660156,43.032501220703125,15.44841480255127,78.07090759277344,48.98191833496094,127.47189331054688,54.51935958862305,53.816951751708984,136.25396728515625,16.100208282470703,57.415550231933594,36.286624908447266,27.777629852294922,73.66120910644531,77.63758087158203,30.742385864257812,22.799448013305664,24.392213821411133,56.82368469238281,63.23259353637695,47.80672836303711,37.034969329833984,28.501386642456055,31.314495086669922,56.68426513671875,60.57375717163086,13860.580078125
2013-02-01,13.618423461914062,72.2863998413086,54.436885833740234,64.44140625,70.96776580810547,42.30500030517578,15.666202545166016,79.42691040039062,49.62738037109375,129.10984802246094,55.80657196044922,55.283836364746094,134.7509765625,15.977778434753418,59.11659622192383,37.98801803588867,28.881572723388672,74.13275909423828,80.30139923095703,30.37276840209961,23.090158462524414,24.577247619628906,58.06179428100586,64.81221008300781,46.2827262878418,37.20619201660156,30.7642879486084,32.08247756958008,57.35685348510742,60.29099655151367,14054.490234375
2013-03-01,13.736897468566895,81.3810806274414,59.087913513183594,72.40351867675781,66.8189468383789,44.70750045776367,15.696244239807129,81.18632507324219,51.636474609375,127.29080200195312,56.84939193725586,59.7725715637207,143.72036743164062,16.892004013061523,63.83296585083008,36.854278564453125,30.164533615112305,77.68417358398438,82.59192657470703,31.417646408081055,23.959671020507812,26.733924865722656,58.73249435424805,67.85053253173828,49.53853988647461,39.91694641113281,32.496551513671875,37.61080551147461,60.638797760009766,61.05559539794922,14578.5400390625
2013-04-01,13.740619659423828,82.73067474365234,59.91999816894531,77.09265899658203,65.05188751220703,41.11000061035156,15.711263656616211,83.36597442626953,57.12739562988281,126.35655975341797,60.0864143371582,58.33675003051758,136.47035217285156,18.523969650268555,66.72986602783203,38.05790328979492,31.802858352661133,79.59335327148438,81.34892272949219,33.72993087768555,27.719858169555664,28.813385009765625,58.511470794677734,69.22468566894531,52.09524154663086,39.59261703491211,35.64371871948242,39.05434036254883,63.38705062866211,60.29670715332031,14839.7998046875
2013-05-01,13.956297874450684,79.80917358398438,66.51067352294922,83.51071166992188,66.34352111816406,42.33000183105469,18.260948181152344,83.8716049194336,57.3455810546875,140.20587158203125,64.43623352050781,62.2396125793457,140.16273498535156,18.77920913696289,65.90777587890625,42.656005859375,30.044797897338867,75.25289916992188,85.66846466064453,33.51464080810547,29.2272891998291,27.934492111206055,58.933692932128906,67.85494232177734,54.44225311279297,41.86767578125,32.3901481628418,37.673912048339844,61.038150787353516,61.29952621459961,15115.5703125
2013-06-01,12.386812210083008,78.6705322265625,65.67611694335938,86.8393783569336,63.784095764160156,38.18000030517578,18.427509307861328,81.51046752929688,57.40921401977539,131.25096130371094,63.46143341064453,63.262332916259766,129.3724365234375,18.91707420349121,67.72842407226562,41.249507904052734,30.13496971130371,77.75093078613281,85.43807220458984,33.335208892822266,29.12862777709961,28.94622039794922,59.11025619506836,64.77500915527344,56.919673919677734,43.02989196777344,33.632843017578125,35.06205368041992,61.117088317871094,61.641700744628906,14909.599609375
2013-07-01,14.136139869689941,86.34941864013672,64.8064193725586,89.09426879882812,64.10885620117188,43.75,19.37386703491211,86.71075439453125,58.77285385131836,142.341064453125,65.0601806640625,66.16472625732422,132.03286743164062,18.22222328186035,73.75505065917969,43.54679489135742,30.32054901123047,77.02837371826172,91.75120544433594,34.88707733154297,26.851633071899414,28.60076141357422,61.65156936645508,68.13136291503906,63.60519027709961,41.67837142944336,33.058265686035156,39.86127471923828,63.94773864746094,63.96134567260742,15499.5400390625
2013-08-01,15.219785690307617,86.86772155761719,63.36508560180664,88.09398651123047,64.2676773071289,49.130001068115234,17.77183723449707,82.95000457763672,55.300113677978516,132.01458740234375,61.32268524169922,63.44575881958008,123.38816833496094,17.160429000854492,68.16226959228516,39.77149963378906,28.883207321166992,74.10684204101562,88.74308776855469,34.2497444152832,28.16722869873047,28.5552978515625,60.249202728271484,65.15495300292969,62.636051177978516,41.068538665771484,31.976240158081055,38.1319694519043,59.878177642822266,59.46530532836914,14810.3095703125
2013-09-01,14.991064071655273,89.634521484375,66.5461196899414,100.05924224853516,64.9372787475586,51.90999984741211,17.863327026367188,84.37834930419922,58.62739944458008,137.74009704589844,62.44230270385742,66.54527282714844,125.98480224609375,18.069414138793945,68.89837646484375,40.68450927734375,28.656251907348633,76.17019653320312,93.81436157226562,34.48149871826172,28.2637996673584,33.12884521484375,58.47011184692383,69.12621307373047,62.52252197265625,45.07896041870117,31.49706268310547,42.95144271850586,61.05073547363281,59.10691452026367,15129.669921875
2013-10-01,16.4359188079834,93.01424407958984,72.07988739013672,111.12962341308594,64.9061508178711,53.36000061035156,17.20002555847168,83.30887603759766,62.354679107666016,140.04722595214844,64.45919036865234,69.5022964477539,121.92311096191406,19.2913761138916,73.60340881347656,40.56645584106445,30.15243911743164,76.41561889648438,98.87394714355469,32.95071029663086,30.072757720947266,34.551780700683594,62.461456298828125,70.81285095214844,59.822105407714844,46.39289474487305,34.08863067626953,47.294490814208984,63.35374450683594,61.566246032714844,15545.75
2013-11-01,17.48522186279297,91.36443328857422,75.83431243896484,114.32304382324219,66.33296966552734,52.09000015258789,16.319677352905273,85.0311508178711,64.12740325927734,147.08184814453125,66.75981140136719,70.92872619628906,122.24290466308594,18.794706344604492,75.232666015625,45.36891174316406,30.624897003173828,77.08857727050781,104.89201354980469,36.414588928222656,32.382774353027344,36.093284606933594,65.6548843383789,74.45603942871094,65.27320861816406,47.99459457397461,33.8675537109375,47.26255798339844,66.87019348144531,64.21793365478516,16086.41015625
2013-12-01,17.743860244750977,91.74545288085938,80.1916732788086,116.65412902832031,71.20210266113281,55.189998626708984,17.225894927978516,87.47490692138672,69.4546890258789,154.8321075439453,68.141845703125,73.59406280517578,128.29605102539062,20.657636642456055,73.30091857910156,46.36793899536133,31.698854446411133,77.45832824707031,110.72796630859375,36.57536697387695,32.012245178222656,35.865257263183594,63.46430587768555,74.29193878173828,65.99185943603516,52.63462829589844,33.5399284362793,46.09709548950195,64.95513153076172,69.9944076538086,16576.66015625
2014-01-01,15.832904815673828,95.66200256347656,75.1448974609375,107.0561294555664,73.63275146484375,60.529998779296875,16.8265438079834,78.17488098144531,66.82415008544922,143.35467529296875,63.91096878051758,73.48131561279297,120.84741973876953,19.52767562866211,70.8039321899414,43.89413833618164,29.020824432373047,75.17517852783203,101.2065200805664,39.060333251953125,32.38021469116211,33.32870864868164,59.730186462402344,67.07515716552734,63.58666229248047,50.92094421386719,32.77549362182617,46.02487564086914,62.00390625,63.74196243286133,15698.849609375
2014-02-01,16.643844604492188,99.7394027709961,80.885986328125,110.18425750732422,76.52889251708984,62.369998931884766,16.86992645263672,80.7659912109375,74.37075805664062,145.3898468017578,68.2188491821289,76.06680297851562,126.65447998046875,19.70274543762207,73.72508239746094,45.34640884399414,29.312410354614258,75.95751190185547,106.36988067626953,42.02470779418945,32.782386779785156,35.822078704833984,61.78440475463867,69.18775177001953,67.97650146484375,53.40518569946289,32.828086853027344,54.531646728515625,62.020503997802734,66.5845947265625,16321.7099609375
2014-03-01,17.077556610107422,99.69803619384766,79.77831268310547,107.8576431274414,78.4229736328125,57.09000015258789,17.349716186523438,84.01277923583984,73.6897201538086,143.6019744873047,65.80708312988281,75.07395935058594,132.38307189941406,20.734128952026367,79.18070220947266,48.45091247558594,29.665386199951172,78.92326354980469,107.80784606933594,41.86248016357422,35.338722229003906,33.89453125,63.308189392089844,70.2275619506836,72.12879180908203,51.11455154418945,32.821189880371094,53.2471923828125,63.45686721801758,68.03831481933594,16457.66015625
2014-04-01,18.774999618530273,90.32965087890625,77.4743423461914,110.89163970947266,83.1818618774414,51.650001525878906,17.883670806884766,88.68289184570312,73.01789093017578,140.06993103027344,66.50346374511719,75.18729400634766,135.12030029296875,21.441068649291992,81.64730072021484,44.6760368347168,31.54781150817871,81.62033081054688,110.53364562988281,43.519493103027344,34.83006286621094,33.476924896240234,64.83985137939453,75.19549560546875,66.25320434570312,47.97701644897461,32.24163818359375,54.75518035888672,66.60710144042969,71.33297729492188,16580.83984375
2014-05-01,20.14027976989746,93.75691223144531,81.28598022460938,116.24627685546875,81.15513610839844,52.630001068115234,19.215023040771484,86.75406646728516,77.31576538085938,140.06121826171875,67.10565948486328,75.38963317871094,126.79178619384766,21.947172164916992,81.78433990478516,44.62834930419922,31.640634536743164,81.66059112548828,113.28329467773438,42.99928283691406,35.29561233520508,35.2941780090332,63.96442413330078,77.57804107666016,70.30573272705078,50.87064743041992,34.85407257080078,57.988887786865234,64.1503677368164,70.02345275878906,16717.169921875
2014-06-01,20.81299591064453,96.2059555053711,84.27979278564453,109.96674346923828,86.26753997802734,58.08000183105469,19.394527435302734,93.0240478515625,78.90790557861328,147.2489471435547,67.71626281738281,75.59797668457031,125.39249420166016,25.036409378051758,84.91924285888672,46.274696350097656,32.76209259033203,81.75881958007812,114.52992248535156,42.99184799194336,36.204471588134766,35.7002067565918,62.222591400146484,78.09272003173828,72.1775131225586,49.98934555053711,34.1355094909668,60.05828094482422,63.118186950683594,70.60406494140625,16826.599609375
2014-07-01,21.410985946655273,103.53703308105469,78.17668151855469,104.13262939453125,79.98025512695312,54.25,19.691104888916016,92.09061431884766,79.03675842285156,152.02413940429688,68.01971435546875,74.68704223632812,132.58663940429688,27.45903205871582,81.24227142333984,46.31486129760742,30.61622428894043,76.74324035644531,112.65093231201172,42.484806060791016,37.4720458984375,35.50685501098633,61.21708679199219,74.78182220458984,71.89573669433594,50.06053161621094,35.17498779296875,55.715728759765625,61.865413665771484,69.38385009765625,16563.30078125
2014-08-01,22.956329345703125,113.28199005126953,79.77297973632812,109.59508514404297,87.13260650634766,59.09000015258789,19.652681350708008,92.240234375,82.71802520751953,157.5116424560547,78.66226196289062,77.45233917236328,133.0224609375,28.2935733795166,84.19684600830078,48.0781364440918,32.509765625,76.06150817871094,115.13758850097656,45.008140563964844,39.44289016723633,36.16056442260742,66.32689666748047,79.08201599121094,76.88988494873047,50.418766021728516,35.13066101074219,49.031776428222656,63.4797248840332,69.74850463867188,17098.44921875
2014-09-01,22.676633834838867,114.70934295654297,77.98243713378906,110.76314544677734,79.1119384765625,57.529998779296875,19.79423713684082,85.74469757080078,81.93574523925781,161.93450927734375,77.18157196044922,76.09569549560547,132.09042358398438,28.400222778320312,87.10347747802734,48.71702194213867,33.24224853515625,77.61032104492188,113.95804595947266,44.386653900146484,40.501731872558594,41.18729019165039,66.8296890258789,78.4390640258789,76.5084457397461,50.716880798339844,35.25053787231445,48.281982421875,64.71887969970703,66.41409301757812,17042.900390625
2014-10-01,24.30844497680664,132.44735717773438,80.12930297851562,108.61534881591797,81.01325225830078,63.9900016784668,19.390403747558594,86.19742584228516,84.09848022460938,167.5978546142578,82.45882415771484,78.54723358154297,114.39534759521484,27.73955726623535,88.07594299316406,48.9111213684082,32.872188568115234,76.72624206542969,123.68241119384766,43.699764251708984,41.017173767089844,42.92805480957031,69.64682006835938,84.661376953125,84.63743591308594,57.38658142089844,35.43387222290039,52.314308166503906,64.54961395263672,68.29244232177734,17390.51953125
2014-11-01,26.768550872802734,135.00355529785156,82.57490539550781,116.83258819580078,80.97837829589844,59.869998931884766,21.902362823486328,78.23521423339844,85.1384506225586,166.2040557861328,84.04847717285156,80.95789337158203,112.8436279296875,30.382198333740234,88.46003723144531,48.9801139831543,35.187686920166016,79.24751281738281,128.76580810546875,45.555171966552734,41.76850128173828,45.84625244140625,72.72222900390625,87.72697448730469,87.86222076416016,61.37035369873047,36.0729866027832,55.89046096801758,74.08773803710938,63.93548583984375,17828.240234375
2014-12-01,24.951866149902344,130.58428955078125,83.12885284423828,113.6834487915039,73.67743682861328,59.310001373291016,22.04499626159668,81.36139678955078,86.68458557128906,171.5312042236328,88.75820922851562,82.0930404663086,112.40391540527344,29.793270111083984,86.00933074951172,50.95039749145508,33.368133544921875,77.3797378540039,132.87757873535156,42.83242416381836,40.836307525634766,44.39639663696289,73.25299835205078,88.90283203125,90.05365753173828,62.44352722167969,33.35627746582031,62.38602066040039,72.6828384399414,65.75557708740234,17823.0703125
2015-01-01,26.484512329101562,124.82113647460938,72.09445190429688,127.1438980102539,64.37218475341797,56.45000076293945,20.8959903717041,74.36249542236328,84.77595520019531,152.5753631591797,88.71484375,80.31842803955078,107.40863037109375,27.125093460083008,82.36563873291016,44.274253845214844,32.538265228271484,76.33922576904297,131.24412536621094,45.80834197998047,35.51746368408203,42.718082427978516,67.78453826904297,86.81182861328125,95.0072021484375,60.707393646240234,32.593326568603516,60.380157470703125,72.32295227050781,62.17795944213867,17164.94921875
2015-02-01,29.038928985595703,129.29722595214844,73.113037109375,131.9368438720703,67.27787017822266,69.37999725341797,23.544981002807617,77.37238311767578,97.00395202636719,167.95596313476562,97.49119567871094,84.44279479980469,113.4548110961914,27.29750633239746,84.31497192382812,50.21293640136719,34.221702575683594,81.67401885986328,136.37901306152344,44.48606491088867,38.5505256652832,44.97322463989258,68.94697570800781,90.71250915527344,101.6063003540039,64.61309051513672,35.6772575378418,68.0187759399414,71.42933654785156,62.97455596923828,18132.69921875
2015-03-01,28.238935470581055,131.73716735839844,70.00358581542969,132.07521057128906,64.9487075805664,66.80999755859375,21.965211868286133,76.8874740600586,97.7588882446289,166.8675994873047,96.52264404296875,86.12721252441406,113.23471069335938,25.856101989746094,83.32317352294922,49.63935470581055,32.048255920410156,81.1676254272461,134.21669006347656,43.680538177490234,36.00044250488281,46.59442138671875,66.36339569091797,91.29509735107422,105.7732162475586,62.423423767089844,35.085655212402344,69.62300109863281,69.9995346069336,60.911781311035156,17776.119140625
2015-04-01,28.40233612060547,130.13836669921875,69.63513946533203,126.14382934570312,70.50784301757812,72.81999969482422,23.178468704223633,81.34046173095703,101.32849884033203,174.36891174316406,91.35750579833984,83.32813262939453,120.84721374511719,26.914493560791016,82.16365051269531,51.83536148071289,32.322166442871094,80.42628479003906,127.2515640258789,45.627445220947266,43.06595993041992,45.90244674682617,64.39533996582031,85.80665588378906,99.9455337524414,63.034210205078125,36.39152145385742,68.18418884277344,66.8240737915039,62.610130310058594,17840.51953125
2015-05-01,29.566570281982422,128.77850341796875,71.67610168457031,123.66215515136719,69.81571197509766,72.75,23.564374923706055,75.43730926513672,102.86632537841797,183.0421142578125,95.14913177490234,86.03640747070312,119.6901626586914,28.49380111694336,82.94219207763672,54.25849533081055,32.640907287597656,79.90980529785156,129.4403533935547,46.646331787109375,41.48993682861328,47.216739654541016,63.9989128112793,85.81513214111328,107.84966278076172,65.54412078857422,36.072731018066406,70.5767593383789,63.58776092529297,61.05509567260742,18010.6796875
2015-06-01,28.58478546142578,127.14408874511719,69.8779067993164,122.86039733886719,69.40656280517578,69.62999725341797,22.077028274536133,71.35874938964844,106.38001251220703,185.92823791503906,94.90145874023438,84.60558319091797,115.62709045410156,25.335153579711914,81.31108093261719,55.891693115234375,31.26228141784668,79.88166046142578,126.34487915039062,43.6126594543457,39.34453201293945,50.302703857421875,63.87643814086914,82.03018951416016,109.45560455322266,64.19612884521484,34.007877349853516,69.69847869873047,61.111427307128906,60.115028381347656,17619.509765625
2015-07-01,27.64358901977539,146.2504425048828,68.64124298095703,127.68732452392578,64.3414077758789,73.30000305175781,22.848846435546875,65.44857025146484,111.84161376953125,182.6156463623047,100.47067260742188,87.16109466552734,115.15084838867188,24.110872268676758,83.60542297363281,56.5268440246582,33.006622314453125,83.90640258789062,123.92115020751953,45.511375427246094,41.61700439453125,53.65560531616211,62.619163513183594,90.61497497558594,109.3786392211914,72.02584075927734,34.139217376708984,79.76033782958984,62.016082763671875,57.23210525512695,17689.859375
2015-08-01,25.697362899780273,125.7030029296875,69.23687744140625,115.73957824707031,63.126922607421875,69.36000061035156,20.967100143432617,59.908233642578125,95.50576782226562,167.94903564453125,99.98136138916016,82.36537170410156,105.12781524658203,23.7694091796875,78.40771484375,53.218326568603516,31.59250831604004,79.83963775634766,116.38793182373047,41.56694030761719,38.78311538696289,52.03968811035156,58.16859817504883,85.00489807128906,104.2430648803711,68.16357421875,33.96547317504883,71.44012451171875,55.76967239379883,54.363624572753906,16528.029296875
2015-09-01,25.250530242919922,115.08842468261719,66.89949798583984,116.71867370605469,53.97666931152344,69.43000030517578,21.26686668395996,59.0826416015625,95.80574035644531,155.26736450195312,99.14861297607422,78.9500961303711,103.90762329101562,25.310489654541016,78.47792053222656,50.61967849731445,32.235294342041016,83.51824951171875,116.89286804199219,38.1242561340332,39.702667236328125,57.264610290527344,59.213951110839844,84.9878158569336,104.5223617553711,66.7048110961914,32.11992645263672,68.86157989501953,56.24589157104492,54.22321701049805,16284.7001953125
2015-10-01,27.356645584106445,131.61280822753906,66.11436462402344,131.97813415527344,60.27778625488281,77.70999908447266,23.373294830322266,68.0708999633789,106.62373352050781,167.54501342773438,106.6859130859375,86.11221313476562,100.40267944335938,28.434410095214844,84.93435668945312,53.342872619628906,34.321834564208984,95.14791870117188,129.62355041503906,42.55542755126953,47.21980285644531,61.17271041870117,62.868526458740234,97.00106048583984,106.57611846923828,74.2888412475586,34.60772705078125,70.17086029052734,49.653228759765625,60.342002868652344,17663.5390625
2015-11-01,27.081932067871094,134.0424041748047,64.89707946777344,129.6428680419922,60.66752243041992,79.69000244140625,22.25507354736328,68.40044403076172,106.37064361572266,169.79685974121094,115.52177429199219,86.67083740234375,99.92963409423828,29.198598861694336,85.11088562011719,55.759796142578125,34.54064178466797,96.76689147949219,129.10406494140625,41.27082061767578,48.753719329833984,61.75630187988281,62.15459442138672,98.44462585449219,101.98839569091797,75.65816497802734,33.987911224365234,69.63223266601562,51.0411491394043,59.55436706542969,17719.919921875
2015-12-01,24.199886322021484,135.74948120117188,63.00381088256836,129.6731719970703,56.75106430053711,78.4000015258789,22.18156623840332,68.20472717285156,98.50556945800781,161.60020446777344,114.11526489257812,86.8559341430664,99.56473541259766,29.133665084838867,86.99170684814453,55.216251373291016,35.08320236206055,100.9256820678711,125.02245330810547,41.12290573120117,50.10282897949219,58.3575553894043,65.94998931884766,96.97531127929688,106.4494400024414,74.39356231689453,34.563716888427734,70.8804931640625,53.175106048583984,57.34424591064453,17425.029296875
2016-01-01,22.379026412963867,127.72146606445312,48.46446228027344,107.7365951538086,51.9744873046875,68.05999755859375,19.429288864135742,65.5587387084961,90.4007339477539,144.86012268066406,108.99555206298828,86.54566192626953,90.28256225585938,26.232982635498047,88.4483413696289,49.75566864013672,35.05054473876953,105.7438735961914,125.32125091552734,39.78993225097656,49.750614166259766,58.04039001464844,67.8435287475586,92.47103881835938,104.65544891357422,71.4581298828125,37.368003845214844,66.35264587402344,58.046600341796875,57.27069091796875,16466.30078125
2016-02-01,22.229591369628906,118.98258209228516,50.56904983520508,105.98777770996094,57.24176025390625,67.75,21.54781723022461,63.26148986816406,90.1176986694336,134.0735626220703,107.57418060302734,84.99420928955078,94.79702758789062,25.02365493774414,89.10043334960938,47.39556121826172,35.2220344543457,100.11412048339844,130.19300842285156,39.4286994934082,45.94865417480469,57.64727783203125,67.26203155517578,92.8857192993164,108.2360610961914,69.4435806274414,38.402950286865234,65.70346069335938,58.029090881347656,58.96269607543945,16516.5
2016-03-01,25.193403244018555,126.25178527832031,55.86433410644531,114.89753723144531,64.7161636352539,73.83000183105469,23.43262481689453,73.24656677246094,93.69335174560547,141.36508178710938,115.64308166503906,94.50211334228516,110.68960571289062,27.598527908325195,92.29666900634766,49.85374450683594,37.88429641723633,108.180419921875,139.29248046875,41.5489501953125,50.235164642333984,57.53495407104492,68.9542465209961,100.82487487792969,117.14210510253906,73.51187133789062,40.938926696777344,70.4437484741211,59.909751892089844,62.05144500732422,17685.08984375
2016-04-01,21.66831398010254,133.29989624023438,59.53099060058594,122.01187896728516,65.71388244628906,75.80000305175781,22.626028060913086,78.45213317871094,97.4199447631836,147.78585815429688,116.67985534667969,96.37442779541016,106.66255187988281,25.832563400268555,95.60639190673828,53.20425033569336,36.871158599853516,108.87761688232422,139.91937255859375,43.441280364990234,45.35991287231445,55.30914306640625,67.11961364746094,95.46923065185547,120.16236877441406,74.24236297607422,38.561920166015625,66.29607391357422,58.92573165893555,65.6220932006836,17773.640625
2016-05-01,23.08297348022461,133.0052032470703,60.12091064453125,114.1824951171875,61.90652847290039,83.70999908447266,24.1286678314209,77.54615783691406,93.60843658447266,143.61639404296875,115.13738250732422,96.00333404541016,112.36331176757812,26.950151443481445,96.12674713134766,55.35366439819336,36.706546783447266,105.06446838378906,140.7052001953125,44.56612014770508,48.20684051513672,51.818302154541016,68.44645690917969,99.15247344970703,121.97830200195312,75.87640380859375,38.938385009765625,64.72396850585938,62.371212005615234,66.08233642578125,17787.19921875
2016-06-01,22.232803344726562,128.96463012695312,55.54966354370117,118.5083999633789,64.72392272949219,79.41000366210938,23.82965660095215,81.33759307861328,92.2876205444336,134.34909057617188,111.85304260253906,98.61431121826172,112.0013656616211,28.224138259887695,104.2099838256836,52.69920349121094,37.30735778808594,103.5839614868164,147.3643035888672,45.63553237915039,46.86787033081055,51.79954147338867,71.5123291015625,103.4090805053711,128.84970092773438,71.41776275634766,42.717464447021484,69.95296478271484,64.81620025634766,70.17097473144531,17929.990234375
2016-07-01,24.235149383544922,145.81520080566406,59.22904968261719,121.96685028076172,70.6575927734375,81.80000305175781,25.357942581176758,79.51422882080078,90.52337646484375,143.59930419921875,121.09452819824219,98.622802734375,118.52458953857422,29.996753692626953,107.5863037109375,54.25117492675781,36.183589935302734,102.01287078857422,150.09078979492188,46.84659957885742,51.91461944580078,52.23320388793945,72.28938293457031,101.55319213867188,131.26988220214844,75.15379333496094,42.388511657714844,66.57588958740234,64.7718505859375,66.58531188964844,18432.240234375
2016-08-01,24.67469024658203,144.1454620361328,60.25816345214844,118.12513732910156,70.64006805419922,79.41999816894531,26.3516788482666,78.04002380371094,89.7650146484375,153.2292022705078,117.48553466796875,98.94495391845703,117.2405776977539,30.88306999206543,102.526123046875,57.69050598144531,36.017730712890625,100.28738403320312,150.8313446044922,50.14487838745117,52.62904739379883,54.24722671508789,74.31997680664062,103.72896575927734,124.71551513671875,77.89805603027344,40.43647003173828,67.8023681640625,63.413734436035156,65.23040771484375,18400.880859375
2016-09-01,26.433412551879883,142.2126007080078,58.8431282043457,121.2110366821289,76.51885223388672,71.33000183105469,26.58635902404785,80.69705200195312,88.24453735351562,146.3938751220703,113.29828643798828,99.351806640625,118.23082733154297,32.72981262207031,102.16365051269531,56.91273498535156,35.097171783447266,100.80461883544922,149.22244262695312,49.84140396118164,53.08608627319336,49.55094528198242,76.39693450927734,100.09392547607422,128.33644104003906,79.7694320678711,40.16602325439453,68.03491973876953,64.45557403564453,65.89234161376953,18308.150390625
2016-10-01,26.547983169555664,120.34490203857422,61.029991149902344,131.04666137695312,71.94168090820312,75.16000366210938,25.714677810668945,82.13188171386719,88.08299255371094,161.79852294921875,107.42559051513672,93.96147918701172,114.3902587890625,30.232805252075195,100.3128662109375,59.194725036621094,35.450801849365234,98.36663055419922,139.9674530029297,47.238399505615234,55.224281311035156,47.35779571533203,73.88584899902344,95.0617446899414,130.1538848876953,79.58617401123047,37.16785430908203,69.81550598144531,62.57874298095703,62.902732849121094,18142.419921875
2016-11-01,25.841846466064453,122.82576751708984,66.52703094482422,138.52691650390625,83.09888458251953,72.0,25.200428009033203,87.47145080566406,94.19339752197266,199.06192016601562,113.93220520019531,97.61096954345703,120.73906707763672,30.085416793823242,96.25677490234375,69.01731872558594,33.736778259277344,104.22126770019531,145.4205322265625,49.22544479370117,55.537635803222656,47.25398635864258,70.73346710205078,99.60480499267578,145.80035400390625,74.58007049560547,38.99850082397461,71.50331115722656,62.945152282714844,65.90746307373047,19123.580078125
2016-12-01,27.220134735107422,125.49225616455078,68.41091918945312,144.33761596679688,80.64659881591797,68.45999908447266,25.538455963134766,93.20955657958984,99.03990936279297,218.03602600097656,118.67962646484375,99.8341293334961,124.66588592529297,31.684715270996094,100.32682037353516,74.28592681884766,34.957916259765625,107.18925476074219,152.17324829101562,47.359073638916016,57.657196044921875,47.97123718261719,72.12310028076172,107.574951171875,147.97119140625,75.41365814208984,41.71824645996094,70.16264343261719,61.774375915527344,68.74549102783203,19762.599609375
2017-01-01,28.51980209350586,134.47866821289062,70.5348892211914,151.51373291015625,83.18583679199219,79.0999984741211,25.960996627807617,88.18083953857422,105.960693359375,208.8119659423828,121.77764892578125,101.96265411376953,131.072265625,32.165191650390625,98.62002563476562,72.85685729980469,35.05066680908203,107.93778991699219,148.97755432128906,50.251678466796875,59.986122131347656,50.104949951171875,75.14251708984375,104.0945816040039,149.8758544921875,79.94696807861328,38.30293655395508,69.46746826171875,60.07422637939453,63.89387130737305,19864.08984375
2017-02-01,32.19552993774414,151.51596069335938,74.24861907958984,167.0989990234375,84.75289154052734,81.3499984741211,29.133012771606445,89.091552734375,105.4244155883789,225.8760223388672,128.2657012939453,107.28829193115234,135.0527801513672,31.62356185913086,106.42256927490234,78.44525146484375,35.37949752807617,112.41134643554688,158.8031768798828,53.39698028564453,59.36445617675781,54.139869689941406,78.73817443847656,108.0363540649414,152.90850830078125,85.00225830078125,39.202186584472656,73.23161315917969,63.84571838378906,61.93646240234375,20812.240234375
2017-03-01,33.90950012207031,141.79273986816406,73.3675765991211,165.3850555419922,81.33330535888672,82.48999786376953,28.809125900268555,85.84288024902344,108.58456420898438,209.7229461669922,129.96519470214844,108.18401336669922,131.82095336914062,31.73495101928711,109.17793273925781,76.03872680664062,35.78423309326172,114.97746276855469,164.10887145996094,51.508182525634766,61.47932052612305,52.78541946411133,77.68338012695312,106.53388214111328,151.64183044433594,86.06471252441406,38.507080078125,70.72686767578125,64.88088989257812,63.03314208984375,20663.220703125
2017-04-01,33.90713882446289,141.1445770263672,73.49740600585938,172.83795166015625,89.66303253173828,86.12000274658203,29.03925895690918,85.30717468261719,110.70089721679688,204.31825256347656,139.01133728027344,113.61617279052734,121.3367919921875,31.805330276489258,108.2312240600586,75.31159210205078,36.70401382446289,124.13235473632812,167.9686279296875,50.89191818237305,63.90635681152344,52.64584732055664,75.50460815429688,108.1168212890625,162.29481506347656,88.34053802490234,36.26380157470703,73.6989974975586,68.16883850097656,62.75644302368164,20940.509765625
2017-05-01,36.05747604370117,134.1616973876953,71.6480484008789,175.4562530517578,93.21039581298828,89.63999938964844,27.108421325683594,82.73279571533203,103.36553955078125,192.86985778808594,136.70484924316406,115.2189712524414,115.53829193115234,31.77014923095703,112.42127990722656,71.52177429199219,38.67743682861328,133.8550262451172,175.37939453125,53.161773681640625,65.194580078125,50.34657669067383,76.74488830566406,110.9516830444336,162.5731964111328,92.22394561767578,37.279991149902344,68.99808502197266,71.26990509033203,61.872535705566406,21008.650390625
2017-06-01,34.13479232788086,149.9208526611328,78.44593811035156,186.33529663085938,95.00511932373047,86.5999984741211,26.910675048828125,84.2608642578125,101.74714660644531,203.26565551757812,137.39630126953125,116.06355285644531,117.58421325683594,29.905813217163086,116.73165893554688,79.57505798339844,38.150047302246094,135.8687744140625,179.6366424560547,52.32895278930664,64.71392822265625,56.0567626953125,75.92594909667969,112.44468688964844,172.07627868652344,90.98085021972656,35.69735336303711,66.98587036132812,69.0814437866211,62.63528060913086,21349.630859375
2017-07-01,35.251129150390625,151.90553283691406,79.36785888671875,228.46453857421875,100.74291229248047,90.80000305175781,27.039640426635742,88.18599700927734,105.27120208740234,206.4076385498047,133.99273681640625,118.52781677246094,110.58251190185547,31.439220428466797,117.1111068725586,79.92332458496094,39.313053131103516,138.48793029785156,173.57943725585938,52.540992736816406,68.25333404541016,56.295494079589844,79.12328338623047,114.49567413330078,178.7415008544922,96.58833312988281,38.6867790222168,69.00458526611328,73.01564025878906,62.09992218017578,21891.119140625
2017-08-01,38.87034225463867,154.74322509765625,80.48064422607422,225.8261260986328,104.62239837646484,95.48999786376953,27.951791763305664,86.91800689697266,97.6321029663086,204.951171875,134.2345733642578,120.39993286132812,109.32894134521484,31.084672927856445,116.80225372314453,79.56629943847656,39.0643424987793,142.79949951171875,176.2974395751953,52.5245475769043,70.19670104980469,50.34657669067383,81.01721954345703,108.31904602050781,185.3485107421875,100.43014526367188,38.845947265625,69.71456909179688,71.26305389404297,59.22148895263672,21948.099609375
2017-09-01,36.67207717895508,163.3934783935547,84.55609130859375,240.96495056152344,111.0516586303711,93.41999816894531,29.184066772460938,95.85094451904297,95.09483337402344,218.0137481689453,147.3627166748047,124.0215835571289,112.0676040649414,34.00600051879883,115.4495849609375,83.61071014404297,38.601234436035156,140.6924285888672,182.15380859375,52.664363861083984,70.30644226074219,49.601219177246094,79.88452911376953,109.5168228149414,182.5062713623047,102.26322174072266,40.07683181762695,66.38077545166016,71.77558898925781,64.22161865234375,22405.08984375
2017-10-01,40.22221374511719,153.55218505859375,89.2858657836914,244.5385284423828,120.92705535888672,102.33999633789062,29.635318756103516,94.53759002685547,94.36162567138672,222.87603759765625,149.36285400390625,126.13912200927734,119.00422668457031,40.62324142456055,123.79680633544922,88.07530975341797,39.74689865112305,149.87857055664062,199.76174926757812,45.63899612426758,78.50840759277344,52.60504150390625,75.81040954589844,119.12144470214844,196.64064025878906,106.86914825439453,38.76496124267578,56.96780014038086,80.1987075805664,65.29483795166016,23377.240234375
2017-11-01,40.89085388183594,153.93777465820312,91.6855239868164,262.3779296875,126.44082641601562,104.31999969482422,32.648590087890625,97.06640625,101.12448120117188,227.61886596679688,162.01248168945312,136.46401977539062,118.93468475341797,40.04277801513672,123.72579193115234,92.03302001953125,39.56535339355469,154.4221954345703,210.99989318847656,45.78812026977539,79.44278717041016,57.79954147338867,79.60738372802734,121.927490234375,213.43116760253906,109.40531158447266,41.704933166503906,62.54680252075195,89.31073760986328,65.24784088134766,24272.349609375
2017-12-01,40.41218185424805,153.43716430664062,93.18685913085938,281.047119140625,141.15866088867188,102.2300033569336,33.52389144897461,103.08007049560547,103.71964263916016,234.8990478515625,171.62599182128906,134.87557983398438,119.69439697265625,41.46583938598633,124.8318862915039,94.16393280029297,39.985599517822266,155.4783477783203,205.2874298095703,46.6165657043457,81.14132690429688,59.837154388427734,81.279296875,121.99044036865234,206.9154510498047,110.99120330810547,43.376739501953125,62.787620544433594,90.7069320678711,66.12841796875,24719.220703125
2018-01-01,39.98234176635742,164.15748596191406,93.27133178710938,337.7120666503906,145.81675720214844,113.91000366210938,36.359859466552734,103.21182250976562,105.68211364746094,247.0054931640625,181.92190551757812,140.42503356933594,127.71460723876953,43.24448776245117,123.46491241455078,101.85094451904297,41.475914001464844,154.5930938720703,218.48365783691406,49.50285339355469,90.12435150146484,65.47799682617188,76.37848663330078,135.56068420410156,222.23275756835938,120.92996215820312,44.31099319458008,65.07017517089844,98.4336166381836,69.02214813232422,26149.390625
2018-02-01,42.53512954711914,162.14578247070312,91.82068634033203,345.1835632324219,139.15899658203125,116.25,39.4881706237793,92.15369415283203,100.32361602783203,242.43215942382812,165.05178833007812,132.896728515625,121.57464599609375,44.27753829956055,116.0404052734375,102.23106384277344,37.66734313964844,142.48870849609375,205.40956115722656,45.30033874511719,88.94810485839844,64.3358154296875,69.99024200439453,125.68659210205078,212.2652587890625,119.67423248291016,39.569095611572266,59.562644958496094,83.1145248413086,59.8824348449707,25029.19921875
2018-03-01,40.229278564453125,151.556640625,87.83746337890625,314.0097351074219,132.6343994140625,116.30000305175781,37.82152557373047,94.8340072631836,97.67840576171875,232.87704467773438,161.40248107910156,127.70985412597656,120.88076782226562,47.10121154785156,115.22789001464844,97.33634948730469,37.850372314453125,142.15382385253906,192.5922088623047,45.50920486450195,86.98335266113281,63.76952362060547,70.66769409179688,125.56002807617188,200.85235595703125,116.64515686035156,39.63540267944336,56.93920135498047,82.15421295166016,59.59222412109375,24103.109375
2018-04-01,39.62505340576172,155.1126708984375,92.98831939697266,319.4494934082031,129.91650390625,120.98999786376953,39.05607986450195,104.0396728515625,97.57141876220703,220.3668212890625,168.29708862304688,127.860107421875,114.20762634277344,46.68518829345703,113.73530578613281,96.28306579589844,37.99106216430664,152.20767211914062,170.5447998046875,49.61547088623047,89.127685546875,65.83970642089844,64.4815902709961,119.61551666259766,222.6107635498047,123.72460174560547,40.903526306152344,57.79150390625,82.17024993896484,62.10020446777344,24163.150390625
2018-05-01,44.80656814575195,159.68215942382812,92.9120864868164,337.26263427734375,137.3994903564453,129.3300018310547,37.96555709838867,103.3660888671875,96.73506927490234,208.85519409179688,169.89083862304688,130.71458435058594,111.33193969726562,49.92293930053711,107.55804443359375,95.19672393798828,37.80642318725586,145.45361328125,173.0364227294922,50.17172622680664,94.19781494140625,69.12255096435547,65.8249740600586,116.81597900390625,227.42266845703125,127.46910095214844,40.00821304321289,54.260536193847656,76.67118835449219,64.88771057128906,24415.83984375
2018-06-01,44.55572509765625,165.3670654296875,92.6285171508789,322.9198303222656,122.71070098876953,136.39999389648438,38.25001907348633,106.0541763305664,101.92823028564453,204.6665802001953,178.67208862304688,127.9493637084961,111.28531646728516,45.21725082397461,109.91377258300781,92.69694519042969,38.56255340576172,142.43563842773438,173.7694091796875,51.157806396484375,94.38595581054688,76.70870208740234,70.2240982055664,111.19879150390625,231.02928161621094,129.36361694335938,42.22391128540039,52.51890182495117,80.061279296875,66.74756622314453,24271.41015625
2018-07-01,45.80253601074219,176.08152770996094,94.06521606445312,342.9296875,130.06411743164062,137.14999389648438,37.59222412109375,105.91995239257812,110.43766784667969,220.31097412109375,180.88833618164062,141.80575561523438,115.45153045654297,43.75275802612305,120.04100036621094,102.26018524169922,41.363128662109375,144.1179656982422,187.5493927001953,55.94409942626953,101.53597259521484,74.24880981445312,72.76101684570312,119.00003814697266,239.29312133789062,133.5536651611328,43.34014892578125,59.1690788269043,83.4076919555664,65.76325988769531,25415.189453125
2018-08-01,54.790218353271484,179.0020751953125,100.53076171875,329.9266662597656,126.35699462890625,152.67999267578125,42.79444122314453,99.36863708496094,109.81568908691406,220.66355895996094,183.8646697998047,141.2816619873047,116.68627166748047,44.05292892456055,122.00666809082031,102.48495483398438,39.53580093383789,148.40843200683594,186.3126983642578,58.254215240478516,107.51825714111328,79.35576629638672,75.30046081542969,120.33507537841797,253.69491577148438,143.4671173095703,46.160400390625,59.99158477783203,89.60508728027344,64.68213653564453,25964.8203125
2018-09-01,54.5258674621582,186.96707153320312,101.01455688476562,359.71295166015625,138.76971435546875,159.02999877929688,43.58278274536133,103.55640411376953,114.63888549804688,208.76104736328125,190.6798553466797,148.5236358642578,121.75552368164062,43.277565002441406,125.99304962158203,100.92862701416016,40.97282028198242,153.99269104003906,187.3748016357422,60.2501106262207,109.89214324951172,81.99002838134766,75.55464935302734,118.60684967041016,251.40802001953125,146.81289672851562,45.328372955322266,64.1949234008789,88.29216766357422,69.30268096923828,26458.310546875
2018-10-01,52.864051818847656,173.88865661621094,97.4478759765625,343.2313232421875,110.4042739868164,137.24000549316406,40.98483657836914,94.5540771484375,112.57040405273438,209.81304931640625,161.8961181640625,134.86573791503906,92.94518280029297,42.90235900878906,127.65264892578125,97.5118637084961,42.83320236206055,162.83880615234375,169.18954467773438,62.94432830810547,102.62812042236328,72.62195587158203,80.50205993652344,115.08734130859375,247.80931091308594,134.84014892578125,48.469696044921875,70.24456024169922,94.28108978271484,64.94986724853516,25115.759765625
2018-11-01,43.134708404541016,187.8329315185547,106.88170623779297,335.3968505859375,124.2499771118164,142.75999450683594,43.17395782470703,100.72782135009766,113.21741485595703,177.5269775390625,165.98309326171875,136.6630859375,100.06322479248047,45.126182556152344,133.9536590576172,100.14926147460938,45.087581634521484,173.5259552001953,184.89376831054688,67.84407806396484,106.54838562011719,72.69937133789062,86.55252838134766,119.90679931640625,266.78253173828125,138.6158905029297,51.762298583984375,74.5594253540039,91.80843353271484,64.80313873291016,25538.4609375
2018-12-01,38.23389434814453,176.81039428710938,90.7452163696289,313.3722229003906,116.37388610839844,136.97000122070312,39.07933044433594,93.03244018554688,107.4923324584961,156.14857482910156,159.10498046875,123.72637176513672,92.69374084472656,43.2183952331543,118.4261474609375,87.92669677734375,42.69401931762695,164.46359252929688,170.59561157226562,65.338623046875,98.01490020751953,71.96392822265625,84.18059539794922,110.1391372680664,236.9677276611328,129.29095458984375,48.25997543334961,60.49559020996094,87.57763671875,56.14745330810547,23327.4609375
2019-01-01,40.3426513671875,169.94395446777344,97.77101135253906,374.70574951171875,121.95124816894531,151.97000122070312,42.650856018066406,98.04361724853516,110.17353820800781,185.08815002441406,169.94839477539062,134.50515747070312,109.6146240234375,43.39337158203125,122.12442779541016,93.22283172607422,43.3973274230957,165.5842742919922,179.3340606689453,64.09166717529297,100.7748031616211,79.47673797607422,88.34751892089844,116.1777572631836,257.0194091796875,132.29931640625,47.26420974731445,63.9749870300293,90.5889663696289,60.33854293823242,24999.669921875
2019-02-01,41.969058990478516,172.6414794921875,102.9889144897461,427.5077209472656,126.58857727050781,163.64999389648438,47.05290222167969,102.2595443725586,111.47760772705078,183.8636474609375,171.4392547607422,144.28187561035156,112.63997650146484,48.7714958190918,125.39131927490234,94.76079559326172,40.88166809082031,170.2707977294922,185.68191528320312,69.99880981445312,108.1087875366211,83.21375274658203,90.9662094116211,122.99815368652344,230.40432739257812,145.1460723876953,49.37080383300781,63.02766418457031,93.57613372802734,65.07308197021484,25916.0
2019-03-01,46.238590240478516,173.8848114013672,104.48013305664062,372.486572265625,124.8833999633789,158.3699951171875,49.07061767578125,106.39701080322266,109.68946075439453,180.18577575683594,177.68975830078125,149.61744689941406,116.40251922607422,49.76642990112305,129.1328125,91.91870880126953,42.252201080322266,177.0032958984375,187.3172607421875,71.61767578125,114.29798889160156,81.73834228515625,96.04295349121094,126.93120574951172,235.198486328125,153.32119750976562,51.28770065307617,56.358116149902344,92.19599151611328,67.26912689208984,25928.6796875
2019-04-01,48.84811019897461,164.1279296875,112.06043243408203,368.8439025878906,128.50575256347656,165.35000610351562,50.852027893066406,103.70210266113281,135.31626892089844,193.25929260253906,190.0303497314453,163.46640014648438,115.71780395507812,47.30128479003906,130.43533325195312,105.37552642822266,44.622047424316406,184.15243530273438,170.84654235839844,68.23711395263672,126.56705474853516,85.47144317626953,98.28596496582031,133.81333923339844,222.54684448242188,161.40982055664062,49.60499572753906,47.7177848815918,97.7386703491211,66.83619689941406,26592.91015625
2019-05-01,42.61643600463867,152.5771026611328,110.03971862792969,333.6089172363281,111.10026550292969,151.41000366210938,47.58860778808594,98.33820343017578,130.44578552246094,171.2698974609375,177.10980224609375,154.69192504882812,104.76228332519531,40.81403350830078,121.15149688720703,96.94984436035156,44.68571853637695,184.80490112304688,144.0173797607422,68.67057037353516,119.8607406616211,75.0685043334961,95.66127014160156,135.50755310058594,230.88270568847656,158.3667755126953,47.62736129760742,43.949886322021484,96.40811920166016,58.918739318847656,24815.0390625
2019-06-01,48.364227294921875,170.11985778808594,118.41429138183594,357.526611328125,126.38224792480469,151.72999572753906,50.058135986328125,108.54286193847656,137.95404052734375,192.88592529296875,194.01385498046875,165.1701202392578,115.1139907836914,44.63517761230469,129.5420379638672,102.29325103759766,46.31378936767578,194.69068908691406,157.60604858398438,72.69318389892578,130.3038787841797,81.92302703857422,101.92652130126953,139.1845245361328,232.992919921875,170.6243438720703,50.06349182128906,49.10919952392578,105.5670394897461,64.52870178222656,26599.9609375
2019-07-01,52.058990478515625,172.2431182861328,119.30642700195312,335.10321044921875,122.09809875488281,154.5,50.67093276977539,107.38277435302734,141.28335571289062,207.52676391601562,200.748291015625,163.15505981445312,123.74543762207031,47.13407897949219,121.11549377441406,106.13610076904297,48.242794036865234,197.55955505371094,158.86080932617188,72.42814636230469,132.55081176757812,83.95280456542969,109.72554779052734,137.240234375,238.82009887695312,174.9993438720703,48.43355941772461,48.947505950927734,105.46192932128906,62.61717987060547,26864.26953125
2019-08-01,51.00823211669922,192.5895538330078,115.83039093017578,357.6051940917969,111.19822692871094,156.07000732421875,43.08439254760742,102.68134307861328,136.44253540039062,192.2354278564453,214.10707092285156,155.7380828857422,113.13560485839844,44.206268310546875,119.38552856445312,101.22984313964844,50.45188903808594,204.3567657470703,147.04078674316406,75.46525573730469,134.097412109375,82.45973205566406,112.48506927490234,137.5584716796875,224.4243621826172,177.7717742919922,51.502559661865234,45.9831657409668,109.16905212402344,57.665740966796875,26403.279296875
2019-09-01,54.93782043457031,179.90621948242188,113.81919860839844,376.0252685546875,118.02898406982422,148.44000244140625,45.47746276855469,104.51235961914062,129.5438690185547,196.59146118164062,217.96815490722656,160.87513732910156,122.82170867919922,48.372257232666016,121.23592376708984,108.44474029541016,49.90190887451172,202.3647918701172,150.8453369140625,73.46668243408203,135.68580627441406,91.8890609741211,116.36772155761719,139.17782592773438,208.42694091796875,169.35427856445312,53.45072555541992,50.139007568359375,113.95028686523438,60.198692321777344,26916.830078125
2019-10-01,61.018577575683594,198.25851440429688,112.85692596435547,335.9391174316406,128.7657012939453,156.49000549316406,43.728675842285156,102.34455871582031,129.14625549316406,202.42575073242188,221.7188262939453,164.23143005371094,112.9483413696289,53.06586456298828,123.72847747802734,115.10678100585938,50.25752639770508,185.39028930664062,151.3866729736328,76.13371276855469,139.92140197753906,87.61356353759766,116.48934936523438,123.3373794555664,243.50201416015625,176.09857177734375,53.54813766479492,49.6585578918457,112.58686828613281,57.606929779052734,27046.23046875
2019-11-01,65.55400085449219,218.21914672851562,116.03190612792969,361.9022216796875,136.30438232421875,162.88999938964844,42.019649505615234,103.21697235107422,150.67726135253906,209.9866180419922,208.4202423095703,169.76507568359375,113.55646514892578,54.49271774291992,128.83543395996094,122.38203430175781,49.306480407714844,183.29794311523438,155.77255249023438,76.59053039550781,147.73875427246094,91.46835327148438,114.9266357421875,128.6638641357422,269.6830749511719,181.6613311767578,53.899532318115234,54.027931213378906,114.34393310546875,58.084354400634766,28051.41015625
2019-12-01,72.2459487915039,225.61195373535156,120.25316619873047,323.83331298828125,139.08262634277344,162.63999938964844,44.47720718383789,107.24187469482422,143.76864624023438,219.35594177246094,206.4070281982422,169.12791442871094,114.54729461669922,56.491615295410156,137.63491821289062,129.47825622558594,51.488746643066406,187.44155883789062,163.2757110595703,79.90260314941406,154.43040466308594,99.37789154052734,117.60066223144531,128.88034057617188,283.2794494628906,185.308837890625,54.93743133544922,53.845909118652344,114.1039047241211,60.208526611328125,28538.439453125
2020-01-01,76.14794921875,202.19631958007812,125.45005798339844,316.3875732421875,123.70330810546875,182.30999755859375,42.6317253112793,95.34390258789062,138.30999755859375,226.8163299560547,216.9730224609375,165.51605224609375,122.82811737060547,60.342681884765625,140.46559143066406,122.93934631347656,54.325984954833984,202.95973205566406,146.83892822265625,75.57657623291016,166.7006378173828,94.46344757080078,117.3370361328125,124.61729431152344,263.54241943359375,196.2261962890625,53.18373107910156,46.439361572265625,110.42032623291016,53.59921646118164,28256.029296875
2020-02-01,67.25404357910156,186.9227752685547,106.55674743652344,273.48284912109375,117.82795715332031,170.39999389648438,37.30255889892578,83.06328582763672,117.6500015258789,191.53695678710938,207.21348571777344,154.95748901367188,111.22298431396484,52.40458679199219,126.88796997070312,108.53828430175781,49.75850296020508,184.17860412597656,138.1207733154297,67.72173309326172,158.65106201171875,87.67542266845703,107.24609375,113.43563842773438,246.624267578125,179.25352478027344,48.96379089355469,41.790855407714844,103.85240173339844,44.384159088134766,25409.359375
2020-03-01,62.710777282714844,191.07720947265625,82.98301696777344,149.13999938964844,110.05116271972656,143.97999572753906,36.72336196899414,65.2358169555664,96.5999984741211,148.3824462890625,177.60208129882812,128.5316162109375,95.7879638671875,51.33470916748047,124.51605987548828,84.15899658203125,41.163089752197266,157.82308959960938,127.48332214355469,68.05784606933594,154.862060546875,81.38723754882812,104.18677520751953,94.06417846679688,241.22671508789062,159.12826538085938,48.57503890991211,42.146968841552734,109.58126831054688,33.23213195800781,21917.16015625
2020-04-01,72.45439910888672,225.46983337402344,88.449951171875,141.02000427246094,110.37361145019531,161.9499969482422,39.59134292602539,82.82772827148438,108.1500015258789,176.0547637939453,210.5054473876953,136.32289123535156,108.42095184326172,56.893131256103516,142.47225952148438,89.51534271240234,43.06306457519531,179.0220489501953,141.8743133544922,70.76056671142578,175.9738006591797,85.754638671875,111.6408920288086,96.45881652832031,284.1333312988281,176.51071166992188,51.938140869140625,39.880706787109375,117.74810028076172,40.6715087890625,24345.720703125
2020-05-01,78.4075927734375,216.4970245361328,92.66463470458984,145.85000610351562,114.9760513305664,174.7899932861328,45.096946716308594,82.55763244628906,117.30000305175781,188.59996032714844,237.940185546875,140.1176300048828,107.85104370117188,59.69131088256836,141.24732971191406,91.90950775146484,43.80439758300781,177.83848571777344,146.09542846679688,71.99134063720703,179.94085693359375,96.96825408935547,110.52613830566406,101.95793914794922,296.1605224609375,192.82647705078125,52.43274688720703,39.55827331542969,120.17958068847656,39.796287536621094,25383.109375
2020-06-01,90.20732116699219,223.80764770507812,92.79132843017578,183.3000030517578,121.07276916503906,187.3300018310547,43.9841423034668,81.51325988769531,111.51000213623047,190.8702850341797,239.8840789794922,139.9312744140625,105.68338012695312,57.0714225769043,134.46258544921875,88.83987426757812,41.927608489990234,177.2466583251953,147.12005615234375,68.96790313720703,200.39154052734375,96.68750762939453,114.00630950927734,108.69605255126953,286.542724609375,191.1015167236328,50.376747131347656,39.49428176879883,116.54386138916016,39.898773193359375,25812.880859375
2020-07-01,105.1034164428711,232.16746520996094,90.95890808105469,158.0,127.17902374267578,194.85000610351562,44.41794967651367,76.68073272705078,116.94000244140625,191.1986846923828,255.74668884277344,144.55726623535156,107.5822982788086,45.52931213378906,139.36758422851562,91.27668762207031,44.732635498046875,186.67250061035156,141.91395568847656,72.13208770751953,201.8685760498047,96.25361633300781,125.01888275146484,109.77767944335938,295.4163513183594,188.36117553710938,52.52412414550781,37.92904281616211,125.9039535522461,37.54338836669922,26428.3203125
2020-08-01,127.63545989990234,240.37545776367188,99.46895599365234,171.82000732421875,137.2245330810547,272.6499938964844,40.12948226928711,76.67159271240234,131.8699951171875,197.87265014648438,274.5792236328125,160.21595764160156,107.90608215332031,48.60084915161133,146.6820831298828,95.55178833007812,46.90108871459961,205.15911865234375,153.75030517578125,76.6538314819336,222.07412719726562,110.33518981933594,132.7257080078125,111.33195495605469,304.9486999511719,209.7200164794922,54.768001556396484,35.42279815673828,135.09866333007812,35.63409423828125,28430.05078125
2020-09-01,114.75598907470703,242.7880096435547,98.15692138671875,165.25999450683594,143.82008361816406,251.32000732421875,37.439605712890625,66.7215576171875,124.08000183105469,195.2810821533203,267.5182189941406,160.20703125,107.86500549316406,49.72803497314453,143.2982177734375,91.8132553100586,46.74958419799805,212.12916564941406,152.44688415527344,74.5682601928711,207.60769653320312,124.06974792480469,133.35894775390625,103.8004379272461,304.18768310546875,198.1278076171875,54.97129440307617,33.8509635925293,136.68966674804688,31.233154296875,27781.69921875
2020-10-01,107.86923217773438,207.23336791992188,89.33505249023438,144.38999938964844,151.43780517578125,232.27000427246094,34.12242126464844,64.40484619140625,121.25,183.6887664794922,258.2768249511719,160.53793334960938,98.99077606201172,42.52524185180664,131.96949768066406,93.5013198852539,45.877498626708984,205.85682678222656,152.23753356933594,68.10208129882812,199.84939575195312,118.67369842529297,131.5455322265625,116.68447875976562,298.9457702636719,180.0360107421875,52.66118621826172,32.079254150390625,135.55636596679688,29.677404403686523,26501.599609375
2020-11-01,117.96649932861328,212.10516357421875,116.5989990234375,210.7100067138672,168.40914916992188,245.8000030517578,41.26702880859375,80.7886962890625,148.00999450683594,224.05288696289062,268.63848876953125,198.46554565429688,109.5051040649414,46.433956146240234,139.2556610107422,113.46605682373047,49.25674057006836,210.14791870117188,164.39100646972656,72.79253387451172,211.2992706298828,133.12246704101562,133.98362731933594,125.32633209228516,329.51239013671875,208.41217041015625,56.41575241088867,35.820579528808594,149.27320861816406,34.69036102294922,29638.640625
2020-12-01,131.70919799804688,221.12452697753906,118.88004302978516,214.05999755859375,176.58755493164062,222.52999877929688,42.92652893066406,79.41035461425781,181.17999267578125,256.24505615234375,257.22125244140625,207.98126220703125,113.21554565429688,48.19371032714844,152.53211975097656,122.31192779541016,52.760074615478516,208.616455078125,167.79058837890625,74.06928253173828,220.115966796875,139.8131866455078,134.244140625,135.6888427734375,343.561279296875,217.04150390625,54.865509033203125,38.02947998046875,140.83206176757812,38.40639877319336,30606.48046875
2021-01-01,130.98458862304688,232.19422912597656,114.30811309814453,194.19000244140625,177.38308715820312,225.55999755859375,42.76346206665039,80.11559295654297,168.1699981689453,264.9300842285156,263.6868591308594,191.0357208251953,107.12667083740234,53.697967529296875,158.10499572753906,123.8520278930664,46.32381057739258,202.0637664794922,168.62576293945312,70.33740234375,229.55715942382812,132.29110717773438,123.6987533569336,132.5877685546875,327.98419189453125,191.7581787109375,51.12998962402344,47.91829299926758,137.75804138183594,41.77930450439453,29982.619140625
2021-02-01,120.36368560791016,216.3157958984375,133.4554443359375,212.00999450683594,210.5513153076172,216.5,43.39070510864258,94.03239440917969,189.0399932861328,312.12847900390625,251.5355682373047,197.86090087890625,106.96477508544922,58.795936584472656,153.57884216308594,142.6794891357422,47.13195037841797,200.4110107421875,168.04977416992188,66.2761459350586,229.97279357910156,133.46954345703125,119.90229797363281,141.53721618652344,326.64703369140625,210.7504119873047,52.19648361206055,45.70594024658203,127.39358520507812,50.6588020324707,30932.369140625
2021-03-01,121.42829132080078,241.0711669921875,139.55299377441406,254.72000122070312,226.14659118652344,211.8699951171875,50.00520324707031,99.92940521240234,184.52000427246094,319.4754333496094,297.2099914550781,213.19386291503906,121.45465850830078,62.28662109375,160.28070068359375,147.5850830078125,50.71085739135742,219.25152587890625,186.48838806152344,70.35565185546875,233.8650665283203,131.86544799804688,131.45281982421875,146.30372619628906,365.82855224609375,210.42169189453125,54.886539459228516,52.851600646972656,133.1886444091797,52.90254592895508,32981.55078125
2021-04-01,130.68328857421875,232.18638610839844,151.75888061523438,234.30999755859375,222.47943115234375,230.32000732421875,49.23157501220703,98.28917694091797,186.02000427246094,341.76904296875,317.1196594238281,219.05723571777344,129.31100463867188,55.989830017089844,158.7008056640625,149.1168975830078,52.36494827270508,230.93109130859375,190.80508422851562,68.58930206298828,250.14247131347656,131.5975341796875,129.50186157226562,151.27330017089844,393.5031433105469,232.11680603027344,54.5467414855957,51.11875915527344,137.76210021972656,54.23861312866211,33874.8515625
2021-05-01,123.8737564086914,230.5392608642578,158.46853637695312,247.02000427246094,236.19212341308594,238.10000610351562,51.5227165222168,98.97579193115234,178.64999389648438,364.8871154785156,312.4559631347656,226.78672790527344,131.00624084472656,55.5908088684082,165.0593719482422,160.16647338867188,53.63575744628906,228.7888946533203,196.51547241210938,69.86902618408203,247.66265869140625,135.40794372558594,131.727294921875,156.2029266357422,406.4489440917969,225.89547729492188,53.893348693847656,50.6951789855957,139.84954833984375,55.30936050415039,34529.44921875
2021-06-01,136.38206481933594,237.82913208007812,163.51560974121094,239.55999755859375,213.21759033203125,244.27000427246094,51.62010955810547,101.1043472290039,175.77000427246094,373.51031494140625,312.4364013671875,216.34754943847656,135.09654235839844,54.97355651855469,161.66339111328125,151.68223571777344,52.491058349609375,227.20005798339844,193.66189575195312,75.03665161132812,269.3316955566406,153.60826110839844,131.80543518066406,146.4316864013672,395.12139892578125,232.71275329589844,53.45448684692383,51.08322525024414,139.40036010742188,60.643157958984375,34502.51171875
2021-07-01,145.24449157714844,235.6728057861328,168.7606201171875,226.47999572753906,202.5581817626953,241.92999267578125,53.928401947021484,98.27605438232422,176.02000427246094,368.93408203125,323.23431396484375,230.58987426757812,129.90797424316406,52.60383987426758,168.98406982421875,148.01548767089844,55.74055480957031,238.72776794433594,192.98916625976562,74.8058090209961,283.2606201171875,166.55393981933594,138.93638610839844,146.47720336914062,408.2346496582031,245.2232208251953,53.215980529785156,45.78167724609375,140.9127960205078,55.346012115478516,34935.46875
2021-08-01,151.18930053710938,220.0517120361328,164.66659545898438,219.5,207.70330810546875,265.2699890136719,57.8841438293457,93.41100311279297,181.3000030517578,406.9513854980469,321.254638671875,228.73562622070312,129.33657836914062,52.93677520751953,169.89671325683594,156.8817138671875,55.03683853149414,233.56390380859375,189.8692169189453,74.24137878417969,300.13238525390625,163.7997589111328,139.9674835205078,157.0902099609375,412.2454833984375,228.0150909423828,53.061302185058594,49.27720260620117,146.3990478515625,52.41383361816406,35360.73046875
2021-09-01,141.11399841308594,209.08676147460938,166.22434997558594,219.94000244140625,189.087158203125,271.2200012207031,53.38248062133789,99.24884033203125,169.1699981689453,373.84185791015625,323.30322265625,210.2091064453125,129.51119995117188,52.512020111083984,159.42567443847656,160.5499725341797,51.283660888671875,238.45416259765625,172.3380126953125,73.09306335449219,280.82452392578125,144.63938903808594,137.4215545654297,149.51651000976562,386.9623107910156,221.99737548828125,52.106201171875,46.13444137573242,138.2862091064453,57.40361404418945,33843.921875
2021-10-01,149.391357421875,203.501953125,172.42562866210938,207.02999877929688,200.9463348388672,299.69000244140625,54.89284133911133,112.00591278076172,169.07000732421875,408.77056884765625,367.9881591796875,216.4872589111328,116.61881256103516,48.2937126159668,160.78794860839844,166.63104248046875,55.511295318603516,242.84527587890625,175.54074096679688,86.4534912109375,330.33135986328125,166.60968017578125,140.55728149414062,159.12313842773438,457.61883544921875,211.0544891357422,51.12215805053711,46.10503005981445,148.24742126464844,62.91756057739258,35819.55859375
2021-11-01,164.84909057617188,195.54751586914062,151.48870849609375,197.85000610351562,191.49798583984375,284.9599914550781,54.14793395996094,110.42106628417969,144.89999389648438,376.7690734863281,396.5667724609375,200.26705932617188,114.18257904052734,48.49082946777344,153.9272003173828,156.72193908691406,51.6510124206543,241.90573120117188,167.0525360107422,73.55174255371094,329.3053894042969,168.5517578125,143.00128173828125,145.34524536132812,441.4694519042969,193.1153106689453,49.07399368286133,43.928226470947266,139.52639770507812,58.399051666259766,34483.71875
2021-12-01,177.34405517578125,223.05746459960938,162.728515625,201.32000732421875,204.75973510742188,254.1300048828125,62.570281982421875,116.1307373046875,154.88999938964844,378.311767578125,410.82147216796875,207.36817932128906,132.0691680908203,51.11065673828125,169.9788818359375,156.24832153320312,58.76020050048828,266.5870056152344,175.92938232421875,75.25037384033203,335.62603759765625,165.99220275878906,161.79380798339844,154.7217254638672,499.03082275390625,216.35800170898438,50.723785400390625,51.6392707824707,143.55453491210938,60.51908874511719,36338.30078125
2022-01-01,174.55760192871094,225.20901489257812,178.8621063232422,200.24000549316406,199.6293487548828,232.6300048828125,54.96745681762695,129.96548461914062,142.97000122070312,352.6015319824219,364.77862548828125,203.36024475097656,131.98023986816406,48.4509162902832,171.1910858154297,146.6277313232422,60.54652404785156,258.01470947265625,164.43052673339844,80.76161193847656,310.33831787109375,147.73289489746094,158.69798278808594,165.3118438720703,471.1756896972656,225.80262756347656,51.96356964111328,49.26322937011719,139.27134704589844,75.12714385986328,35131.859375
2022-02-01,164.90989685058594,224.55462646484375,193.9893341064453,205.33999633789062,186.68472290039062,210.52999877929688,55.390682220458984,142.50384521484375,148.4600067138672,339.2900085449219,313.9354553222656,188.71092224121094,121.05187225341797,47.339385986328125,163.5203399658203,140.7566680908203,61.76718521118164,243.4158935546875,147.22682189941406,75.90481567382812,298.1734619140625,136.23912048339844,155.02029418945312,170.93234252929688,474.4659423828125,215.76895141601562,53.02434539794922,45.6298713684082,134.63926696777344,77.56017303466797,33892.6015625
2022-03-01,174.61000061035156,241.82000732421875,186.47068786621094,191.5,221.75653076171875,212.32000732421875,55.3807487487793,162.8300018310547,137.16000366210938,328.16558837890625,297.534423828125,194.5800018310547,130.02000427246094,49.560001373291016,177.22999572753906,135.31698608398438,61.52900695800781,247.27999877929688,148.8800048828125,81.32658386230469,308.30999755859375,134.25364685058594,151.94752502441406,181.775390625,508.46533203125,221.77000427246094,50.327186584472656,44.77000045776367,148.3462371826172,82.58999633789062,34678.3515625
2022-04-01,161.7899932861328,250.35000610351562,180.02896118164062,176.9199981689453,215.2676544189453,171.42999267578125,51.010677337646484,160.9499969482422,118.2699966430664,319.7699890136719,300.1099853515625,190.6300048828125,138.25,46.540000915527344,181.5399932861328,125.876953125,65.25,250.1699981689453,149.1699981689453,84.58999633789062,274.0299987792969,129.07000732421875,160.3503875732422,173.11000061035156,520.9400024414062,208.1699981689453,51.285518646240234,45.540000915527344,156.86000061035156,85.12999725341797,33811.3984375
2022-04-22,161.7899932861328,250.35000610351562,180.5399932861328,176.9199981689453,216.3000030517578,171.42999267578125,51.36000061035156,160.9499969482422,118.2699966430664,319.7699890136719,300.1099853515625,190.6300048828125,138.25,46.540000915527344,181.5399932861328,126.80999755859375,65.25,250.1699981689453,149.1699981689453,84.58999633789062,274.0299987792969,129.07000732421875,161.25,173.11000061035156,520.9400024414062,208.1699981689453,51.90999984741211,45.540000915527344,156.86000061035156,85.12999725341797,33811.3984375
